id,d,n,family,magnitude,forced,algorithm,status,value,first_seconds,imports_seconds,median_seconds,scaled_error
sphere-d2-n32-hv,2,32,sphere,False,False,compiled_numba,ok,0.7597990828682528,0.19067730009555817,0.7953935000114143,0.00024150009267032146,0.0
sphere-d2-n32-hv,2,32,sphere,False,False,numerical_python,ok,0.7597990828682528,0.0002009000163525343,0.007205399917438626,0.00016009993851184845,0.0
sphere-d2-n32-hv,2,32,sphere,False,False,chan_dby2,ok,0.7597990828682528,0.0011113998480141163,0.008128599962219596,0.0009828999172896147,0.0
sphere-d2-n32-mag,2,32,sphere,True,False,chan_dby2,ok,2.1882145826750548,0.0016248999163508415,0.007392500061541796,0.0016391000244766474,0.0
sphere-d2-n32-mag,2,32,sphere,True,False,compiled_numba,ok,2.1882145826750548,0.1794116001110524,1.023419599980116,0.000223799841478467,0.0
sphere-d2-n32-mag,2,32,sphere,True,False,numerical_python,ok,2.1882145826750548,0.00039340020157396793,0.006774199893698096,0.0001750001683831215,0.0
sphere-d2-n128-hv,2,128,sphere,False,False,chan_dby2,ok,0.7795584701970051,0.005366099998354912,0.007282099919393659,0.0053126998245716095,0.0
sphere-d2-n128-hv,2,128,sphere,False,False,compiled_numba,ok,0.7795584701970051,0.20113199995830655,0.9155296999961138,0.00047399988397955894,0.0
sphere-d2-n128-hv,2,128,sphere,False,False,numerical_python,ok,0.7795584701970051,0.0008617001585662365,0.008953300071880221,0.0007698999252170324,0.0
sphere-d3-n32-hv,3,32,sphere,False,False,compiled_numba,ok,0.4101689282042173,0.18941960018128157,0.9525144000072032,0.00018969993107020855,5.551115123125783e-17
sphere-d3-n32-hv,3,32,sphere,False,False,numerical_python,ok,0.4101689282042173,0.0005887998268008232,0.009034299990162253,0.0003521000035107136,5.551115123125783e-17
sphere-d3-n32-hv,3,32,sphere,False,False,chan_dby3,ok,0.41016892820421735,0.009178099920973182,0.0030041001737117767,0.00945750018581748,1.1102230246251565e-16
sphere-d3-n32-hv,3,32,sphere,False,False,chan_dby2,ok,0.41016892820421724,0.00258089997805655,0.00817389995791018,0.0025053999852389097,0.0
sphere-d3-n32-mag,3,32,sphere,True,False,chan_dby3,ok,3.0288810970348408,0.009406500030308962,0.003698500106111169,0.010242599993944168,0.0
sphere-d3-n32-mag,3,32,sphere,True,False,chan_dby2,ok,3.0288810970348408,0.0027826998848468065,0.007637700065970421,0.002474999986588955,0.0
sphere-d3-n32-mag,3,32,sphere,True,False,compiled_numba,ok,3.028881097034841,0.18485469999723136,1.0593962001148611,0.0002443001139909029,1.4661823809617653e-16
sphere-d3-n32-mag,3,32,sphere,True,False,numerical_python,ok,3.028881097034841,0.0005396001506596804,0.0071264998987317085,0.0004251999780535698,1.4661823809617653e-16
sphere-d3-n128-hv,3,128,sphere,False,False,chan_dby3,ok,0.46227560863142847,0.04393859999254346,0.0028846999630331993,0.04452389990910888,0.0
sphere-d3-n128-hv,3,128,sphere,False,False,compiled_numba,ok,0.46227560863142864,0.2312431000173092,0.8428442000877112,0.0009806999005377293,1.6653345369377348e-16
sphere-d3-n128-hv,3,128,sphere,False,False,numerical_python,ok,0.46227560863142864,0.001719500171020627,0.008614700054749846,0.0016093999147415161,1.6653345369377348e-16
sphere-d3-n128-hv,3,128,sphere,False,False,chan_dby2,ok,0.46227560863142847,0.016544000012800097,0.008581900037825108,0.01910819998010993,0.0
sphere-d4-n12-hv,4,12,sphere,False,False,compiled_numba,ok,0.09364056270326382,2.135475300019607,0.8675907999277115,0.006863200105726719,2.220446049250313e-16
sphere-d4-n12-hv,4,12,sphere,False,False,chan_dby2,ok,0.09364056270326404,0.0016210000030696392,0.009008900029584765,0.0016563001554459333,0.0
sphere-d4-n12-hv,4,12,sphere,False,False,chan_dby3,ok,0.09364056270326404,0.015973699977621436,0.0033760000951588154,0.011507500195875764,0.0
sphere-d4-n12-hv,4,12,sphere,False,False,numerical_python,ok,0.09364056270326393,0.03057450009509921,0.00820080004632473,0.027013400103896856,1.1102230246251565e-16
sphere-d4-n12-mag,4,12,sphere,True,False,chan_dby2,ok,3.741128109067694,0.0016372001264244318,0.007703899871557951,0.0017071999609470367,0.0
sphere-d4-n12-mag,4,12,sphere,True,False,chan_dby3,ok,3.7411281090676947,0.013794200029224157,0.002779200207442045,0.015215400140732527,1.187046251566968e-16
sphere-d4-n12-mag,4,12,sphere,True,False,numerical_python,ok,3.741128109067695,0.03171189990825951,0.007394399959594011,0.031789999920874834,2.374092503133936e-16
sphere-d4-n12-mag,4,12,sphere,True,False,compiled_numba,ok,3.741128109067695,1.887929999968037,0.8432355001568794,0.006075999932363629,2.374092503133936e-16
sphere-d4-n24-hv,4,24,sphere,False,False,chan_dby3,ok,0.13701622818303266,0.02639070013538003,0.002169799990952015,0.02863220009021461,0.0
sphere-d4-n24-hv,4,24,sphere,False,False,compiled_numba,ok,0.13701622818303266,1.9181047000456601,0.9625593000091612,0.016994699835777283,0.0
sphere-d4-n24-hv,4,24,sphere,False,False,numerical_python,ok,0.13701622818303283,1.4741408000700176,0.007264399901032448,1.8779817998874933,1.6653345369377348e-16
sphere-d4-n24-hv,4,24,sphere,False,False,chan_dby2,ok,0.13701622818303266,0.006117099896073341,0.009515299927443266,0.006216099951416254,0.0
sphere-d5-n8-hv,5,8,sphere,False,False,numerical_python,ok,0.015281712107676898,0.11857020016759634,0.006646299967542291,0.10156610002741218,2.7755575615628914e-17
sphere-d5-n8-hv,5,8,sphere,False,False,chan_dby3,ok,0.015281712107676898,0.00920690014027059,0.0022915999870747328,0.011750600067898631,2.7755575615628914e-17
sphere-d5-n8-hv,5,8,sphere,False,False,chan_dby2,ok,0.015281712107676926,0.004721800098195672,0.07771540014073253,0.003238900098949671,0.0
sphere-d5-n8-hv,5,8,sphere,False,False,compiled_numba,ok,0.015281712107676898,2.3204544000327587,4.125535700004548,0.005611199885606766,2.7755575615628914e-17
sphere-d5-n8-mag,5,8,sphere,True,False,chan_dby2,ok,4.119475727733188,0.001989400014281273,0.008166200015693903,0.0018876998219639063,0.0
sphere-d5-n8-mag,5,8,sphere,True,False,chan_dby3,ok,4.119475727733188,0.010708900168538094,0.002480899915099144,0.010399200022220612,0.0
sphere-d5-n8-mag,5,8,sphere,True,False,compiled_numba,ok,4.119475727733187,1.998252300079912,0.8047416999470443,0.005809100111946464,2.1560472215450112e-16
sphere-d5-n8-mag,5,8,sphere,True,False,numerical_python,ok,4.119475727733188,0.09777939994819462,0.011450499994680285,0.11456659995019436,0.0
sphere-d5-n16-hv,5,16,sphere,False,False,chan_dby2,ok,0.028172731181048682,0.008100300095975399,0.009402499999850988,0.007853299845010042,0.0
sphere-d5-n16-hv,5,16,sphere,False,False,chan_dby3,ok,0.028172731181048682,0.06137930019758642,0.0030116999987512827,0.0788047001697123,0.0
sphere-d5-n16-hv,5,16,sphere,False,False,compiled_numba,ok,0.0281727311810486,2.7290688001085073,4.283219200093299,0.01697129989042878,8.326672684688674e-17
sphere-d5-n16-hv,5,16,sphere,False,False,numerical_python,ok,0.028172731181048627,1.0659151999279857,0.008360199863091111,1.4349327001255006,5.551115123125783e-17
sphere-d6-n8-hv,6,8,sphere,False,False,chan_dby3,ok,0.004840424975329494,0.02650910010561347,0.0028627999126911163,0.026909600012004375,1.3877787807814457e-17
sphere-d6-n8-hv,6,8,sphere,False,False,chan_dby2,ok,0.00484042497532948,0.0032586001325398684,0.007934900000691414,0.0034260000102221966,0.0
sphere-d6-n8-hv,6,8,sphere,False,False,numerical_python,ok,0.00484042497532948,0.338281000033021,0.009508599992841482,0.2807975001633167,0.0
sphere-d6-n8-hv,6,8,sphere,False,False,compiled_numba,ok,0.004840424975329494,2.153027799911797,0.8852466000244021,0.013361099874600768,1.3877787807814457e-17
sphere-d6-n8-mag,6,8,sphere,True,False,compiled_numba,ok,4.785602907146616,2.5940239001065493,1.0399473998695612,0.012317399960011244,3.7118767976914966e-16
sphere-d6-n8-mag,6,8,sphere,True,False,chan_dby2,ok,4.785602907146618,0.003567399922758341,0.007903299992904067,0.0031678001396358013,0.0
sphere-d6-n8-mag,6,8,sphere,True,False,numerical_python,ok,4.785602907146618,0.2650084001943469,0.006230599945411086,0.2691591999027878,0.0
sphere-d6-n8-mag,6,8,sphere,True,False,chan_dby3,ok,4.785602907146618,0.023343299981206656,0.0020915998611599207,0.0242508000228554,0.0
sphere-d6-n12-hv,6,12,sphere,False,False,chan_dby2,ok,0.004268395940627473,0.00986750004813075,0.007241899846121669,0.009205800015479326,0.0
sphere-d6-n12-hv,6,12,sphere,False,False,chan_dby3,ok,0.004268395940627445,0.057411600137129426,0.0022954000160098076,0.05424860003404319,2.7755575615628914e-17
sphere-d6-n12-hv,6,12,sphere,False,False,numerical_python,ok,0.004268395940627445,1.3412650998216122,0.007106599863618612,1.6347124001476914,2.7755575615628914e-17
sphere-d6-n12-hv,6,12,sphere,False,False,compiled_numba,ok,0.004268395940627445,1.9718031999655068,0.8910628999583423,0.02765059983357787,2.7755575615628914e-17
sphere-d7-n6-hv,7,6,sphere,False,False,numerical_python,ok,0.0002471686598036968,0.03999019996263087,0.0063241999596357346,0.0369911000598222,3.469446951953614e-18
sphere-d7-n6-hv,7,6,sphere,False,False,compiled_numba,ok,0.00024716865980368985,1.9208772000856698,1.0255636000074446,0.007974099833518267,3.469446951953614e-18
sphere-d7-n6-hv,7,6,sphere,False,False,chan_dby3,ok,0.0002471686598036968,0.01706570014357567,0.0023393998853862286,0.017160600051283836,3.469446951953614e-18
sphere-d7-n6-hv,7,6,sphere,False,False,chan_dby2,ok,0.0002471686598036933,0.0026656000409275293,0.007921499898657203,0.0020049000158905983,0.0
sphere-d7-n6-mag,7,6,sphere,True,False,compiled_numba,ok,4.999597969796443,2.631097799865529,0.9675021001603454,0.008028800133615732,3.5529993614118013e-16
sphere-d7-n6-mag,7,6,sphere,True,False,chan_dby2,ok,4.9995979697964446,0.003402800066396594,0.010480999946594238,0.0032315999269485474,0.0
sphere-d7-n6-mag,7,6,sphere,True,False,chan_dby3,ok,4.9995979697964446,0.014913300052285194,0.0031280999537557364,0.014653000049293041,0.0
sphere-d7-n6-mag,7,6,sphere,True,False,numerical_python,ok,4.999597969796444,0.04902030015364289,0.006198599934577942,0.05394389992579818,1.7764996807059006e-16
sphere-d7-n8-hv,7,8,sphere,False,False,chan_dby2,ok,0.00045704912625061517,0.00895159994252026,0.042956999968737364,0.006178600015118718,0.0
sphere-d7-n8-hv,7,8,sphere,False,False,chan_dby3,ok,0.00045704912625061517,0.06962230009958148,0.014890699880197644,0.0661890001501888,0.0
sphere-d7-n8-hv,7,8,sphere,False,False,numerical_python,ok,0.00045704912625061517,0.8013609999325126,0.006481599994003773,0.7597850000020117,0.0
sphere-d7-n8-hv,7,8,sphere,False,False,compiled_numba,ok,0.00045704912625060823,2.008084800094366,1.0479820999316871,0.020201200153678656,6.938893903907228e-18
sphere-d8-n6-hv,8,6,sphere,False,False,chan_dby2,ok,0.0001518690577150296,0.003934199921786785,0.00906750001013279,0.003754599951207638,0.0
sphere-d8-n6-hv,8,6,sphere,False,False,compiled_numba,ok,0.0001518690577150296,1.8658412001095712,0.858839999884367,0.008105900138616562,0.0
sphere-d8-n6-hv,8,6,sphere,False,False,chan_dby3,ok,0.00015186905771503046,0.024200400104746222,0.0025557000190019608,0.02365400013513863,8.673617379884035e-19
sphere-d8-n6-hv,8,6,sphere,False,False,numerical_python,ok,0.00015186905771503046,0.5667726001702249,0.0063952000346034765,0.6006372000556439,8.673617379884035e-19
sphere-d8-n6-mag,8,6,sphere,True,False,chan_dby3,ok,5.526831454316436,0.030291900038719177,0.002406399929895997,0.02976249996572733,1.6070300443239696e-16
sphere-d8-n6-mag,8,6,sphere,True,False,compiled_numba,ok,5.526831454316438,1.9110747000668198,0.846758000086993,0.016748900059610605,3.214060088647939e-16
sphere-d8-n6-mag,8,6,sphere,True,False,chan_dby2,ok,5.5268314543164365,0.004272400168702006,0.007435499923303723,0.0038753000553697348,0.0
sphere-d8-n6-mag,8,6,sphere,True,False,numerical_python,ok,5.526831454316437,0.603916099993512,0.007137899985536933,0.604220800101757,1.6070300443239696e-16
sphere-d8-n10-hv,8,10,sphere,False,False,chan_dby3,ok,3.680006428680854e-05,0.18050940008834004,0.0024864000733941793,0.18258280004374683,3.469446951953614e-18
sphere-d8-n10-hv,8,10,sphere,False,False,chan_dby2,ok,3.680006428680507e-05,0.026079100091010332,0.006906099850311875,0.02482000016607344,0.0
sphere-d8-n10-hv,8,10,sphere,False,False,numerical_python,ok,3.6800064286801604e-05,5.546139500103891,0.00735470000654459,11.894047500099987,3.469446951953614e-18
sphere-d8-n10-hv,8,10,sphere,False,False,compiled_numba,ok,3.680006428680507e-05,4.513231399934739,1.450260299956426,0.1308417001273483,0.0
sphere-d9-n4-hv,9,4,sphere,False,False,numerical_python,ok,1.4722103664480428e-05,0.023444500053301454,0.012726000044494867,0.01743130013346672,0.0
sphere-d9-n4-hv,9,4,sphere,False,False,compiled_numba,ok,1.4722103664481295e-05,5.313678200123832,4.269790299935266,0.004863800015300512,8.673617379884035e-19
sphere-d9-n4-hv,9,4,sphere,False,False,chan_dby2,ok,1.4722103664480428e-05,0.0018776999786496162,0.030520900152623653,0.0009981999173760414,0.0
sphere-d9-n4-hv,9,4,sphere,False,False,chan_dby3,ok,1.4722103664480428e-05,0.014798099873587489,0.007596899988129735,0.01620269985869527,0.0
sphere-d9-n4-mag,9,4,sphere,True,False,chan_dby2,ok,5.5675739652280445,0.0019176998175680637,0.03442350006662309,0.002007200149819255,0.0
sphere-d9-n4-mag,9,4,sphere,True,False,numerical_python,ok,5.567573965228041,0.019918600097298622,0.02447309996932745,0.017609399976208806,6.381080343052046e-16
sphere-d9-n4-mag,9,4,sphere,True,False,compiled_numba,ok,5.567573965228046,5.293221999891102,0.977239599917084,0.010825000004842877,3.190540171526023e-16
sphere-d9-n4-mag,9,4,sphere,True,False,chan_dby3,ok,5.5675739652280445,0.014070600038394332,0.0035568999592214823,0.00848479988053441,0.0
sphere-d9-n6-hv,9,6,sphere,False,False,numerical_python,timeout,,15.820902900071815,0.02248619985766709,,0.0
sphere-d9-n6-hv,9,6,sphere,False,False,compiled_numba,ok,9.4033381772907e-06,5.309338300023228,2.9522168000694364,0.030459400033578277,8.673617379884035e-19
sphere-d9-n6-hv,9,6,sphere,False,False,chan_dby3,ok,9.403338177289833e-06,0.05549809988588095,0.004961799830198288,0.05105000012554228,0.0
sphere-d9-n6-hv,9,6,sphere,False,False,chan_dby2,ok,9.403338177289833e-06,0.007326700026169419,0.030913099879398942,0.005341700045391917,0.0
sphere-d10-n4-hv,10,4,sphere,False,False,numerical_python,ok,1.4506251036944555e-07,0.8057743001263589,0.011858699843287468,0.9131060999352485,2.168404344971009e-19
sphere-d10-n4-hv,10,4,sphere,False,False,chan_dby3,ok,1.4506251036966239e-07,0.026821500156074762,0.0032530000898987055,0.02279780013486743,0.0
sphere-d10-n4-hv,10,4,sphere,False,False,compiled_numba,ok,1.4506251036933713e-07,4.757626799866557,2.7036002001259476,0.01017570006661117,3.2526065174565133e-19
sphere-d10-n4-hv,10,4,sphere,False,False,chan_dby2,ok,1.4506251036966239e-07,0.002316300058737397,0.03552270005457103,0.0017295998986810446,0.0
sphere-d10-n4-mag,10,4,sphere,True,False,compiled_numba,ok,5.864142120589462,2.350501700071618,2.57104629999958,0.005715100094676018,1.5145922479976422e-16
sphere-d10-n4-mag,10,4,sphere,True,False,chan_dby2,ok,5.864142120589461,0.0010643999557942152,0.008245900040492415,0.0010251998901367188,0.0
sphere-d10-n4-mag,10,4,sphere,True,False,numerical_python,ok,5.86414212058946,0.5546867998782545,0.008557999972254038,0.5233879999723285,1.5145922479976422e-16
sphere-d10-n4-mag,10,4,sphere,True,False,chan_dby3,ok,5.864142120589461,0.017758499830961227,0.0025765998288989067,0.01768480008468032,0.0
sphere-d10-n6-hv,10,6,sphere,False,False,chan_dby3,ok,8.700438771901131e-07,0.08199330000206828,0.0024727999698370695,0.09659289987757802,0.0
sphere-d10-n6-hv,10,6,sphere,False,False,numerical_python,ok,8.700438771902215e-07,5.979278499959037,0.007280200021341443,6.737423700047657,1.0842021724855044e-19
sphere-d10-n6-hv,10,6,sphere,False,False,compiled_numba,ok,8.700438771901131e-07,7.921159599907696,2.0844654999673367,0.06264580017887056,0.0
sphere-d10-n6-hv,10,6,sphere,False,False,chan_dby2,ok,8.700438771901131e-07,0.008873600047081709,0.009176500141620636,0.011205699993297458,0.0
tied_grid-d2-n32-hv,2,32,tied_grid,False,False,numerical_python,ok,0.765625,0.00018110009841620922,0.006167199928313494,0.00010890001431107521,0.0
tied_grid-d2-n32-hv,2,32,tied_grid,False,False,compiled_numba,ok,0.765625,0.5170114999637008,2.3456989999394864,0.00022000004537403584,0.0
tied_grid-d2-n32-hv,2,32,tied_grid,False,False,chan_dby2,ok,0.765625,0.00022500008344650269,0.008585999952629209,0.0001556000206619501,0.0
tied_grid-d2-n128-hv,2,128,tied_grid,False,False,chan_dby2,ok,0.765625,0.001975099788978696,0.036218399880453944,0.0022448000963777304,0.0
tied_grid-d2-n128-hv,2,128,tied_grid,False,False,compiled_numba,ok,0.765625,2.124780800193548,3.9095298999454826,0.0009788000024855137,0.0
tied_grid-d2-n128-hv,2,128,tied_grid,False,False,numerical_python,ok,0.765625,0.0016648999880999327,0.030443100025877357,0.0010240001138299704,0.0
tied_grid-d3-n32-hv,3,32,tied_grid,False,False,numerical_python,ok,0.662109375,0.000238100066781044,0.007365999976173043,0.00015489989891648293,0.0
tied_grid-d3-n32-hv,3,32,tied_grid,False,False,chan_dby3,ok,0.662109375,0.0008840998634696007,0.009403999894857407,0.0007037001196295023,0.0
tied_grid-d3-n32-hv,3,32,tied_grid,False,False,chan_dby2,ok,0.662109375,0.0002633000258356333,0.008718400029465556,0.00030499999411404133,0.0
tied_grid-d3-n32-hv,3,32,tied_grid,False,False,compiled_numba,ok,0.662109375,0.18516859994269907,0.8611753999721259,0.00021529989317059517,0.0
tied_grid-d3-n128-hv,3,128,tied_grid,False,False,compiled_numba,ok,0.642578125,0.5729100999888033,0.910343199968338,0.0013753001112490892,0.0
tied_grid-d3-n128-hv,3,128,tied_grid,False,False,chan_dby3,ok,0.642578125,0.0033676999155431986,0.009402599884197116,0.0021881000138819218,0.0
tied_grid-d3-n128-hv,3,128,tied_grid,False,False,numerical_python,ok,0.642578125,0.0006279000081121922,0.00972250010818243,0.0005044001154601574,0.0
tied_grid-d3-n128-hv,3,128,tied_grid,False,False,chan_dby2,ok,0.642578125,0.0014186999760568142,0.009092099964618683,0.001217900076881051,0.0
tied_grid-d4-n12-hv,4,12,tied_grid,False,False,numerical_python,ok,0.20654296875,0.007229699986055493,0.010735800024122,0.006734200054779649,0.0
tied_grid-d4-n12-hv,4,12,tied_grid,False,False,chan_dby2,ok,0.20654296875,0.0008225999772548676,0.010145900072529912,0.0005976001266390085,0.0
tied_grid-d4-n12-hv,4,12,tied_grid,False,False,compiled_numba,ok,0.20654296875,4.401040199911222,0.8526667999103665,0.003989499993622303,0.0
tied_grid-d4-n12-hv,4,12,tied_grid,False,False,chan_dby3,ok,0.20654296875,0.006804000120609999,0.007212300086393952,0.005576499970629811,0.0
tied_grid-d4-n24-hv,4,24,tied_grid,False,False,compiled_numba,ok,0.3662109375,13.488437999971211,2.515329600078985,0.006579899927601218,0.0
tied_grid-d4-n24-hv,4,24,tied_grid,False,False,chan_dby2,ok,0.3662109375,0.0011977001558989286,0.008098799968138337,0.0010861000046133995,0.0
tied_grid-d4-n24-hv,4,24,tied_grid,False,False,numerical_python,ok,0.3662109375,0.04346099984832108,0.00757110002450645,0.04137789993546903,0.0
tied_grid-d4-n24-hv,4,24,tied_grid,False,False,chan_dby3,ok,0.3662109375,0.006785199977457523,0.0024608999956399202,0.007947100093588233,0.0
tied_grid-d5-n8-hv,5,8,tied_grid,False,False,chan_dby3,ok,0.302490234375,0.006740099983289838,0.009071199921891093,0.006603299872949719,0.0
tied_grid-d5-n8-hv,5,8,tied_grid,False,False,numerical_python,ok,0.302490234375,0.005690400023013353,0.01030600001104176,0.005200099898502231,0.0
tied_grid-d5-n8-hv,5,8,tied_grid,False,False,compiled_numba,ok,0.302490234375,10.473545799963176,0.8754913001321256,0.007249700138345361,0.0
tied_grid-d5-n8-hv,5,8,tied_grid,False,False,chan_dby2,ok,0.302490234375,0.000672199996188283,0.008094700053334236,0.000579100102186203,0.0
tied_grid-d5-n16-hv,5,16,tied_grid,False,False,numerical_python,ok,0.191375732421875,1.7239689999260008,0.8552245998289436,0.7894575998652726,0.0
tied_grid-d5-n16-hv,5,16,tied_grid,False,False,chan_dby3,ok,0.191375732421875,0.03274609986692667,0.003929399885237217,0.029147200053557754,0.0
tied_grid-d5-n16-hv,5,16,tied_grid,False,False,compiled_numba,ok,0.191375732421875,7.455346900038421,3.3823267000261694,0.013275799807161093,0.0
tied_grid-d5-n16-hv,5,16,tied_grid,False,False,chan_dby2,ok,0.191375732421875,0.0017966998275369406,0.010101200081408024,0.002081899903714657,0.0
tied_grid-d6-n8-hv,6,8,tied_grid,False,False,chan_dby3,ok,0.07141876220703125,0.01465050014667213,0.0031591998413205147,0.012856099987402558,0.0
tied_grid-d6-n8-hv,6,8,tied_grid,False,False,chan_dby2,ok,0.07141876220703125,0.002328299917280674,0.009953100001439452,0.0021802999544888735,0.0
tied_grid-d6-n8-hv,6,8,tied_grid,False,False,compiled_numba,ok,0.07141876220703125,5.133795800153166,1.0454196999780834,0.014938900014385581,0.0
tied_grid-d6-n8-hv,6,8,tied_grid,False,False,numerical_python,ok,0.07141876220703125,0.06762690003961325,0.006264299852773547,0.03240130003541708,0.0
tied_grid-d6-n12-hv,6,12,tied_grid,False,False,chan_dby3,ok,0.08756256103515625,0.015550999902188778,0.002558999927714467,0.03100150008685887,0.0
tied_grid-d6-n12-hv,6,12,tied_grid,False,False,compiled_numba,ok,0.08756256103515625,3.976861299946904,1.463097999803722,0.012431100010871887,0.0
tied_grid-d6-n12-hv,6,12,tied_grid,False,False,numerical_python,ok,0.08756256103515625,0.06534560001455247,0.008866999996826053,0.03323659999296069,0.0
tied_grid-d6-n12-hv,6,12,tied_grid,False,False,chan_dby2,ok,0.08756256103515625,0.0024133999831974506,0.007943699834868312,0.0019421998877078295,0.0
tied_grid-d7-n6-hv,7,6,tied_grid,False,False,chan_dby3,ok,0.022992610931396484,0.012661000015214086,0.0034232998732477427,0.00962849985808134,0.0
tied_grid-d7-n6-hv,7,6,tied_grid,False,False,compiled_numba,ok,0.022992610931396512,1.9272594000212848,0.991571000078693,0.005544699961319566,2.7755575615628914e-17
tied_grid-d7-n6-hv,7,6,tied_grid,False,False,numerical_python,ok,0.022992610931396512,0.010384899796918035,0.006568900076672435,0.009830400114879012,2.7755575615628914e-17
tied_grid-d7-n6-hv,7,6,tied_grid,False,False,chan_dby2,ok,0.022992610931396484,0.0019485000520944595,0.008802999975159764,0.0018553000409156084,0.0
tied_grid-d7-n8-hv,7,8,tied_grid,False,False,compiled_numba,ok,0.06003761291503906,2.03762389998883,0.8168308001477271,0.010032900143414736,0.0
tied_grid-d7-n8-hv,7,8,tied_grid,False,False,chan_dby2,ok,0.06003761291503906,0.0029133998323231936,0.008091500028967857,0.0025244997814297676,0.0
tied_grid-d7-n8-hv,7,8,tied_grid,False,False,chan_dby3,ok,0.06003761291503906,0.020670800004154444,0.0030267999973148108,0.018958100117743015,0.0
tied_grid-d7-n8-hv,7,8,tied_grid,False,False,numerical_python,ok,0.06003761291503906,0.01865289988927543,0.005998100154101849,0.021049800096079707,0.0
tied_grid-d8-n6-hv,8,6,tied_grid,False,False,compiled_numba,ok,0.0035050511360168735,1.914909299928695,0.9515764999669045,0.009304100181907415,2.7755575615628914e-17
tied_grid-d8-n6-hv,8,6,tied_grid,False,False,chan_dby2,ok,0.0035050511360168457,0.002177000045776367,0.008996899938210845,0.0020704001653939486,0.0
tied_grid-d8-n6-hv,8,6,tied_grid,False,False,chan_dby3,ok,0.0035050511360168457,0.02431040001101792,0.002144899917766452,0.022292299894616008,0.0
tied_grid-d8-n6-hv,8,6,tied_grid,False,False,numerical_python,ok,0.0035050511360168735,0.042339300038293004,0.006172599969431758,0.042911200085654855,2.7755575615628914e-17
tied_grid-d8-n10-hv,8,10,tied_grid,False,False,chan_dby2,ok,0.022511601448059082,0.0077726999297738075,0.009551800088956952,0.008076900150626898,0.0
tied_grid-d8-n10-hv,8,10,tied_grid,False,False,chan_dby3,ok,0.022511601448059082,0.07595030008815229,0.002318300073966384,0.0745506000239402,0.0
tied_grid-d8-n10-hv,8,10,tied_grid,False,False,compiled_numba,ok,0.022511601448059082,2.1662174998782575,1.025077500147745,0.030948299914598465,0.0
tied_grid-d8-n10-hv,8,10,tied_grid,False,False,numerical_python,ok,0.022511601448059082,1.4068698000628501,0.008285399992018938,1.731895999982953,0.0
tied_grid-d9-n4-hv,9,4,tied_grid,False,False,chan_dby2,ok,0.0036252737045288086,0.0009769999887794256,0.007564200088381767,0.0008324000518769026,0.0
tied_grid-d9-n4-hv,9,4,tied_grid,False,False,chan_dby3,ok,0.0036252737045288086,0.006911699892953038,0.0022173000033944845,0.009038400137796998,0.0
tied_grid-d9-n4-hv,9,4,tied_grid,False,False,compiled_numba,ok,0.0036252737045288086,2.2616137000732124,1.238932500127703,0.004482100019231439,0.0
tied_grid-d9-n4-hv,9,4,tied_grid,False,False,numerical_python,ok,0.0036252737045288086,0.007926599821075797,0.007779299980029464,0.008525799959897995,0.0
tied_grid-d9-n6-hv,9,6,tied_grid,False,False,chan_dby3,ok,0.0049040913581848145,0.026296600000932813,0.00214969995431602,0.025399800157174468,0.0
tied_grid-d9-n6-hv,9,6,tied_grid,False,False,compiled_numba,ok,0.0049040913581848145,2.1019735999871045,0.8580686999484897,0.012149799847975373,0.0
tied_grid-d9-n6-hv,9,6,tied_grid,False,False,chan_dby2,ok,0.0049040913581848145,0.002856600098311901,0.007735300110653043,0.0027004999574273825,0.0
tied_grid-d9-n6-hv,9,6,tied_grid,False,False,numerical_python,ok,0.0049040913581848145,0.04851230001077056,0.007071899948641658,0.04652229999192059,0.0
tied_grid-d10-n4-hv,10,4,tied_grid,False,False,chan_dby3,ok,0.000935867428779602,0.010411499999463558,0.0023795999586582184,0.009036400122568011,0.0
tied_grid-d10-n4-hv,10,4,tied_grid,False,False,compiled_numba,ok,0.0009358674287796229,1.9334611999802291,1.0966376999858767,0.004517700057476759,2.0816681711721685e-17
tied_grid-d10-n4-hv,10,4,tied_grid,False,False,numerical_python,ok,0.0009358674287796159,0.010390000184997916,0.007381699979305267,0.010667799971997738,1.3877787807814457e-17
tied_grid-d10-n4-hv,10,4,tied_grid,False,False,chan_dby2,ok,0.000935867428779602,0.0007597999647259712,0.0068708001635968685,0.0006593998987227678,0.0
tied_grid-d10-n6-hv,10,6,tied_grid,False,False,chan_dby2,ok,0.001308755949139595,0.004022999899461865,0.0070997001603245735,0.0036186999641358852,0.0
tied_grid-d10-n6-hv,10,6,tied_grid,False,False,chan_dby3,ok,0.001308755949139595,0.03648780006915331,0.0027840000111609697,0.03669320000335574,0.0
tied_grid-d10-n6-hv,10,6,tied_grid,False,False,compiled_numba,ok,0.001308755949139595,1.9216827999334782,0.8765965001657605,0.011127900099381804,0.0
tied_grid-d10-n6-hv,10,6,tied_grid,False,False,numerical_python,ok,0.001308755949139595,1.0739398000296205,0.006885000038892031,1.2097905999980867,0.0
forced-padded-d4-n8-hv,4,8,forced_padded,False,True,numerical_python,ok,0.0770387694389173,0.003985800081863999,0.005958300083875656,0.0037817000411450863,0.0
forced-padded-d4-n8-hv,4,8,forced_padded,False,True,chan_dby3,ok,0.07703876943891708,0.39832299994304776,0.0020953998900949955,0.3934003000613302,2.220446049250313e-16
forced-padded-d4-n8-hv,4,8,forced_padded,False,True,chan_dby2,ok,0.0770387694389173,0.0007996999192982912,0.008238399866968393,0.0006718998774886131,0.0
forced-padded-d4-n8-hv,4,8,forced_padded,False,True,compiled_numba,ok,0.0770387694389173,2.2252015999983996,0.9255113999824971,0.007493600016459823,0.0
forced-padded-d7-n8-hv,7,8,forced_padded,False,True,numerical_python,ok,0.0770387694389173,0.0067859000992029905,0.007464200025424361,0.00538849993608892,0.0
forced-padded-d7-n8-hv,7,8,forced_padded,False,True,chan_dby3,ok,0.07703876943891708,0.5723025999031961,0.0029058000072836876,0.5599632998928428,2.220446049250313e-16
forced-padded-d7-n8-hv,7,8,forced_padded,False,True,chan_dby2,ok,0.0770387694389173,0.0014355001039803028,0.009569100104272366,0.0008663998451083899,0.0
forced-padded-d7-n8-hv,7,8,forced_padded,False,True,compiled_numba,ok,0.0770387694389173,2.174765900010243,0.8263397000264376,0.009968400001525879,0.0
forced-padded-d10-n8-hv,10,8,forced_padded,False,True,compiled_numba,ok,0.0770387694389173,2.134545400040224,0.895976500120014,0.01292110001668334,0.0
forced-padded-d10-n8-hv,10,8,forced_padded,False,True,chan_dby3,ok,0.07703876943891708,0.6774979999754578,0.0025665999855846167,0.6591475000604987,2.220446049250313e-16
forced-padded-d10-n8-hv,10,8,forced_padded,False,True,chan_dby2,ok,0.0770387694389173,0.0011731998529285192,0.007868799846619368,0.00106519996188581,0.0
forced-padded-d10-n8-hv,10,8,forced_padded,False,True,numerical_python,ok,0.0770387694389173,0.008397800149396062,0.006801899988204241,0.007336200214922428,0.0
