id,n,family,seed,algorithm,status,value,first_seconds,median_seconds,scaled_error
sphere-s42-n10,10,sphere,42,chan_dby3,ok,0.735291270700164,0.007556800032034516,0.007518999977037311,0.0
sphere-s42-n10,10,sphere,42,new_python,ok,0.7352912707001639,0.010372400050982833,0.008842899929732084,1.1102230246251565e-16
sphere-s42-n10,10,sphere,42,new_numba_no_compression,ok,0.7352912707001639,0.2982013002038002,0.010972000192850828,1.1102230246251565e-16
sphere-s42-n10,10,sphere,42,old_prefix_object_python,ok,0.7352912707001642,0.06668390007689595,0.06984029989689589,2.220446049250313e-16
sphere-s42-n10,10,sphere,42,old_prefix_numba,ok,0.735291270700164,1.0644108999986202,0.005295000039041042,0.0
sphere-s42-n10,10,sphere,42,new_numba,ok,0.7352912707001639,0.32157220016233623,0.009258799953386188,1.1102230246251565e-16
sphere-s42-n10,10,sphere,42,chan_dby2,ok,0.735291270700164,0.0017872999887913465,0.0015149000100791454,0.0
sphere-s42-n10,10,sphere,42,old_prefix_flat_python,ok,0.735291270700164,0.9955149998422712,0.06909099989570677,0.0
sphere-s42-n20,20,sphere,42,chan_dby2,ok,1.1257677901991467,0.005172299919649959,0.005167300114408135,0.0
sphere-s42-n20,20,sphere,42,old_prefix_numba,ok,1.1257677901991459,1.2190103000029922,0.021521300077438354,7.889534835092481e-16
sphere-s42-n20,20,sphere,42,old_prefix_object_python,ok,1.125767790199147,0.2332130998838693,0.25003829994238913,1.9723837087731203e-16
sphere-s42-n20,20,sphere,42,old_prefix_flat_python,ok,1.1257677901991459,1.1657549000810832,0.25541720003820956,7.889534835092481e-16
sphere-s42-n20,20,sphere,42,new_python,ok,1.1257677901991463,1.2701153999660164,1.2910277999471873,3.9447674175462406e-16
sphere-s42-n20,20,sphere,42,new_numba_no_compression,ok,1.1257677901991463,0.3467862999532372,0.04519039997830987,3.9447674175462406e-16
sphere-s42-n20,20,sphere,42,new_numba,ok,1.1257677901991463,2.5399179002270103,2.0872702999040484,3.9447674175462406e-16
sphere-s42-n20,20,sphere,42,chan_dby3,ok,1.1257677901991467,0.033612400060519576,0.03563519986346364,0.0
sphere-s42-n40,40,sphere,42,old_prefix_object_python,ok,1.2820566059655683,0.7278726000804454,0.7856517001055181,3.4638814525322857e-16
sphere-s42-n40,40,sphere,42,old_prefix_numba,ok,1.2820566059655691,1.0516433999873698,0.06234299996867776,3.4638814525322857e-16
sphere-s42-n40,40,sphere,42,new_numba,timeout,,,,
sphere-s42-n40,40,sphere,42,new_python,timeout,,,,
sphere-s42-n40,40,sphere,42,chan_dby3,ok,1.2820566059655687,0.11456170002929866,0.11159290000796318,0.0
sphere-s42-n40,40,sphere,42,new_numba_no_compression,ok,1.2820566059655685,0.46057330002076924,0.14206370012834668,1.7319407262661429e-16
sphere-s42-n40,40,sphere,42,chan_dby2,ok,1.2820566059655687,0.021149700041860342,0.01929800002835691,0.0
sphere-s42-n40,40,sphere,42,old_prefix_flat_python,ok,1.2820566059655691,1.5741445000749081,0.8043829998932779,3.4638814525322857e-16
sphere-s99-n20,20,sphere,99,old_prefix_numba,ok,1.0518916636514908,1.264402500120923,0.02192449988797307,4.221815089858879e-16
sphere-s99-n20,20,sphere,99,new_numba_no_compression,ok,1.051891663651491,0.3060435999650508,0.037848100066185,2.1109075449294396e-16
sphere-s99-n20,20,sphere,99,new_python,ok,1.0518916636514908,1.1150042000226676,1.1473158998414874,4.221815089858879e-16
sphere-s99-n20,20,sphere,99,chan_dby2,ok,1.0518916636514912,0.007084900047630072,0.0059825999196618795,0.0
sphere-s99-n20,20,sphere,99,old_prefix_flat_python,ok,1.0518916636514908,1.103382800007239,0.3394090000074357,4.221815089858879e-16
sphere-s99-n20,20,sphere,99,new_numba,ok,1.0518916636514908,2.227661499986425,1.8546743001788855,4.221815089858879e-16
sphere-s99-n20,20,sphere,99,chan_dby3,ok,1.0518916636514912,0.03756299987435341,0.034804799826815724,0.0
sphere-s99-n20,20,sphere,99,old_prefix_object_python,ok,1.0518916636514914,0.34386130003258586,0.3307996999938041,2.1109075449294396e-16
sphere-s99-n40,40,sphere,99,chan_dby3,ok,1.2158041567386595,0.10520479991100729,0.11145090009085834,0.0
sphere-s99-n40,40,sphere,99,chan_dby2,ok,1.2158041567386595,0.020194600103423,0.021044599823653698,0.0
sphere-s99-n40,40,sphere,99,old_prefix_object_python,ok,1.2158041567386597,0.6795235997997224,0.7159850001335144,1.826318849909644e-16
sphere-s99-n40,40,sphere,99,old_prefix_flat_python,ok,1.2158041567386597,1.7326148999854922,0.6954379000235349,1.826318849909644e-16
sphere-s99-n40,40,sphere,99,old_prefix_numba,ok,1.2158041567386597,1.2051900001242757,0.05286059994250536,1.826318849909644e-16
sphere-s99-n40,40,sphere,99,new_numba_no_compression,ok,1.2158041567386597,0.4511394000146538,0.1576914000324905,1.826318849909644e-16
sphere-s99-n40,40,sphere,99,new_python,timeout,,,,
sphere-s99-n40,40,sphere,99,new_numba,timeout,,,,
grid-s7-n20,20,grid,7,new_numba_no_compression,ok,0.7578125,0.3001731999684125,0.00590720004402101,0.0
grid-s7-n20,20,grid,7,new_numba,ok,0.7578125,0.3041711999103427,0.0055494001135230064,0.0
grid-s7-n20,20,grid,7,old_prefix_numba,ok,0.7578125,1.0391284001525491,0.0008340999484062195,0.0
grid-s7-n20,20,grid,7,new_python,ok,0.7578125,0.004048400092869997,0.003424299880862236,0.0
grid-s7-n20,20,grid,7,chan_dby2,ok,0.7578125,0.0005731000564992428,0.0003233000170439482,0.0
grid-s7-n20,20,grid,7,old_prefix_object_python,ok,0.7578125,0.002709000138565898,0.0022597999777644873,0.0
grid-s7-n20,20,grid,7,old_prefix_flat_python,ok,0.7578125,0.7966164001263678,0.0015960999298840761,0.0
grid-s7-n20,20,grid,7,chan_dby3,ok,0.7578125,0.00252169999293983,0.0022251999471336603,0.0
uniform-s17-n20,20,uniform,17,new_numba,ok,0.2318458787687978,1.0762881999835372,0.8320861000102013,1.1102230246251565e-16
uniform-s17-n20,20,uniform,17,old_prefix_flat_python,ok,0.2318458787687976,1.0163333998061717,0.1396303998772055,1.1102230246251565e-16
uniform-s17-n20,20,uniform,17,old_prefix_object_python,ok,0.2318458787687976,0.12828469998203218,0.12944699986837804,1.1102230246251565e-16
uniform-s17-n20,20,uniform,17,old_prefix_numba,ok,0.2318458787687976,1.1530669999774545,0.014546399936079979,1.1102230246251565e-16
uniform-s17-n20,20,uniform,17,new_python,ok,0.2318458787687978,0.48711059987545013,0.5000310998875648,1.1102230246251565e-16
uniform-s17-n20,20,uniform,17,new_numba_no_compression,ok,0.2318458787687978,0.3111760998144746,0.029709800146520138,1.1102230246251565e-16
uniform-s17-n20,20,uniform,17,chan_dby2,ok,0.2318458787687977,0.002890600124374032,0.0024052998051047325,0.0
uniform-s17-n20,20,uniform,17,chan_dby3,ok,0.2318458787687977,0.01853360002860427,0.018634399864822626,0.0
