id,d,n,family,magnitude,algorithm,backend,status,value,first_seconds,imports_seconds,median_seconds,scaled_error
sphere-d3-n32-hv,3,32,sphere,False,numerical_python,numerical_python,ok,0.4101689282042173,0.0004509999416768551,0.017528999829664826,0.000577900093048811,5.551115123125783e-17
sphere-d3-n32-hv,3,32,sphere,False,current_numba,compiled sweep,ok,0.4101689282042173,2.6197464999277145,1.2296607999596745,0.0001846000086516142,5.551115123125783e-17
sphere-d3-n32-hv,3,32,sphere,False,chan_dby3,chan_dby3,ok,0.41016892820421735,0.010154400020837784,0.003654399886727333,0.010434600058943033,1.1102230246251565e-16
sphere-d3-n32-hv,3,32,sphere,False,chan_dby2,chan_dby2,ok,0.41016892820421724,0.003498600097373128,0.00912799988873303,0.0027971998788416386,0.0
sphere-d3-n32-mag,3,32,sphere,True,chan_dby3,chan_dby3,ok,3.0288810970348408,0.009783999994397163,0.0025611999444663525,0.00918890000320971,0.0
sphere-d3-n32-mag,3,32,sphere,True,chan_dby2,chan_dby2,ok,3.0288810970348408,0.0025979001075029373,0.00809550005942583,0.00258819991722703,0.0
sphere-d3-n32-mag,3,32,sphere,True,numerical_python,numerical_python,ok,3.028881097034841,0.0007056000176817179,0.011118199909105897,0.00041779992170631886,1.4661823809617653e-16
sphere-d3-n32-mag,3,32,sphere,True,current_numba,compiled sweep,ok,3.028881097034841,0.22847410012036562,0.8001805001404136,0.0002359000500291586,1.4661823809617653e-16
sphere-d3-n128-hv,3,128,sphere,False,chan_dby3,chan_dby3,ok,0.46227560863142847,0.048102900153025985,0.0022221000399440527,0.04731749999336898,0.0
sphere-d3-n128-hv,3,128,sphere,False,numerical_python,numerical_python,ok,0.46227560863142864,0.0029011000879108906,0.007914699846878648,0.0017043999396264553,1.6653345369377348e-16
sphere-d3-n128-hv,3,128,sphere,False,current_numba,compiled sweep,ok,0.46227560863142864,0.24670589994639158,0.727041200036183,0.0012234998866915703,1.6653345369377348e-16
sphere-d3-n128-hv,3,128,sphere,False,chan_dby2,chan_dby2,ok,0.46227560863142847,0.01592439995147288,0.00784799992106855,0.015242900000885129,0.0
sphere-d4-n12-hv,4,12,sphere,False,numerical_python,numerical_python,ok,0.09364056270326393,0.02779199997894466,0.007074600085616112,0.02754910010844469,1.1102230246251565e-16
sphere-d4-n12-hv,4,12,sphere,False,hybrid_4d,hybrid_4d,ok,0.09364056270326393,0.34461610019207,0.781349599827081,0.045576199889183044,1.1102230246251565e-16
sphere-d4-n12-hv,4,12,sphere,False,chan_dby3,chan_dby3,ok,0.09364056270326404,0.012079400010406971,0.002366499975323677,0.012245400110259652,0.0
sphere-d4-n12-hv,4,12,sphere,False,chan_dby2,chan_dby2,ok,0.09364056270326404,0.0026897999923676252,0.010696199955418706,0.002369999885559082,0.0
sphere-d4-n12-hv,4,12,sphere,False,current_numba,whole-contraction JIT,ok,0.09364056270326393,2.634505399968475,0.810162200126797,0.009903500089421868,1.1102230246251565e-16
sphere-d4-n12-mag,4,12,sphere,True,hybrid_4d,hybrid_4d,ok,3.741128109067695,0.34517730004154146,0.8857517000287771,0.050890899961814284,2.374092503133936e-16
sphere-d4-n12-mag,4,12,sphere,True,chan_dby2,chan_dby2,ok,3.741128109067694,0.0016027998644858599,0.008029700024053454,0.0014977001119405031,0.0
sphere-d4-n12-mag,4,12,sphere,True,current_numba,whole-contraction JIT,ok,3.741128109067695,2.5833972000982612,1.011241699801758,0.00968090002425015,2.374092503133936e-16
sphere-d4-n12-mag,4,12,sphere,True,chan_dby3,chan_dby3,ok,3.7411281090676947,0.014982099877670407,0.0028657999355345964,0.012857499998062849,1.187046251566968e-16
sphere-d4-n12-mag,4,12,sphere,True,numerical_python,numerical_python,ok,3.741128109067695,0.03031159983947873,0.0071570000145584345,0.02891919994726777,2.374092503133936e-16
sphere-d4-n24-hv,4,24,sphere,False,current_numba,whole-contraction JIT,ok,0.13701622818303272,2.824866499984637,0.8060921998694539,0.25569340004585683,5.551115123125783e-17
sphere-d4-n24-hv,4,24,sphere,False,numerical_python,numerical_python,ok,0.13701622818303283,1.5147997001186013,0.006767799844965339,1.4958418998867273,1.6653345369377348e-16
sphere-d4-n24-hv,4,24,sphere,False,chan_dby3,chan_dby3,ok,0.13701622818303266,0.02925879997201264,0.0021780000533908606,0.02675749990157783,0.0
sphere-d4-n24-hv,4,24,sphere,False,hybrid_4d,hybrid_4d,ok,0.13701622818303272,2.6026602000929415,0.9064416999462992,2.3207699998747557,5.551115123125783e-17
sphere-d4-n24-hv,4,24,sphere,False,chan_dby2,chan_dby2,ok,0.13701622818303266,0.00771340006031096,0.008677300065755844,0.006005899980664253,0.0
sphere-d5-n8-hv,5,8,sphere,False,current_numba,hybrid Numba,ok,0.015281712107676898,0.5368232000619173,0.9280875998083502,0.2300364999100566,2.7755575615628914e-17
sphere-d5-n8-hv,5,8,sphere,False,chan_dby3,chan_dby3,ok,0.015281712107676898,0.011357800103724003,0.0029619000852108,0.012316900072619319,2.7755575615628914e-17
sphere-d5-n8-hv,5,8,sphere,False,chan_dby2,chan_dby2,ok,0.015281712107676926,0.001829999964684248,0.007857899880036712,0.001380800036713481,0.0
sphere-d5-n8-hv,5,8,sphere,False,numerical_python,numerical_python,ok,0.015281712107676898,0.11246410012245178,0.008890600176528096,0.10150690004229546,2.7755575615628914e-17
sphere-d5-n8-mag,5,8,sphere,True,chan_dby2,chan_dby2,ok,4.119475727733188,0.001462399959564209,0.008349499898031354,0.0015008999034762383,0.0
sphere-d5-n8-mag,5,8,sphere,True,chan_dby3,chan_dby3,ok,4.119475727733188,0.011827500071376562,0.002313499804586172,0.01081989984959364,0.0
sphere-d5-n8-mag,5,8,sphere,True,numerical_python,numerical_python,ok,4.119475727733188,0.1148951998911798,0.007746600080281496,0.10813169996254146,0.0
sphere-d5-n8-mag,5,8,sphere,True,current_numba,hybrid Numba,ok,4.119475727733188,0.491791799897328,0.7880996000021696,0.19115640013478696,0.0
sphere-d5-n16-hv,5,16,sphere,False,chan_dby2,chan_dby2,ok,0.028172731181048682,0.006111799972131848,0.013207299867644906,0.005978999892249703,0.0
sphere-d5-n16-hv,5,16,sphere,False,chan_dby3,chan_dby3,ok,0.028172731181048682,0.04827220016159117,0.0028800000436604023,0.04448809986934066,0.0
sphere-d5-n16-hv,5,16,sphere,False,numerical_python,numerical_python,ok,0.028172731181048627,1.1971462999936193,0.006531399907544255,1.1359846000559628,5.551115123125783e-17
sphere-d5-n16-hv,5,16,sphere,False,current_numba,hybrid Numba,ok,0.028172731181048627,2.3704610001295805,0.9137399999890476,2.1067737000994384,5.551115123125783e-17
sphere-d6-n8-hv,6,8,sphere,False,chan_dby3,chan_dby3,ok,0.004840424975329494,0.025441499892622232,0.0028880999889224768,0.02430969988927245,1.3877787807814457e-17
sphere-d6-n8-hv,6,8,sphere,False,chan_dby2,chan_dby2,ok,0.00484042497532948,0.0035480998922139406,0.008047699928283691,0.003869700012728572,0.0
sphere-d6-n8-hv,6,8,sphere,False,current_numba,hybrid Numba,ok,0.00484042497532948,0.8531195998657495,0.9039783000480384,0.5703459000214934,0.0
sphere-d6-n8-hv,6,8,sphere,False,numerical_python,numerical_python,ok,0.00484042497532948,0.2644994000438601,0.006449999986216426,0.27898629987612367,0.0
sphere-d6-n8-mag,6,8,sphere,True,numerical_python,numerical_python,ok,4.785602907146618,0.2569911000318825,0.007424899842590094,0.2691814999561757,0.0
sphere-d6-n8-mag,6,8,sphere,True,chan_dby2,chan_dby2,ok,4.785602907146618,0.003897199872881174,0.009005900006741285,0.004001599969342351,0.0
sphere-d6-n8-mag,6,8,sphere,True,current_numba,hybrid Numba,ok,4.785602907146616,0.8444431000389159,0.762063100002706,0.5599658000282943,3.7118767976914966e-16
sphere-d6-n8-mag,6,8,sphere,True,chan_dby3,chan_dby3,ok,4.785602907146618,0.02946899994276464,0.0032603999134153128,0.02563320007175207,0.0
sphere-d6-n12-hv,6,12,sphere,False,chan_dby2,chan_dby2,ok,0.004268395940627473,0.008090199902653694,0.00765389995649457,0.008985300082713366,0.0
sphere-d6-n12-hv,6,12,sphere,False,chan_dby3,chan_dby3,ok,0.004268395940627445,0.05469500017352402,0.0023856000043451786,0.05592640000395477,2.7755575615628914e-17
sphere-d6-n12-hv,6,12,sphere,False,current_numba,hybrid Numba,ok,0.004268395940627445,2.9533828999847174,0.7591191998217255,2.577557999873534,2.7755575615628914e-17
sphere-d6-n12-hv,6,12,sphere,False,numerical_python,numerical_python,ok,0.004268395940627445,1.2741582999005914,0.0074483000207692385,1.2844602998811752,2.7755575615628914e-17
sphere-d7-n6-hv,7,6,sphere,False,current_numba,hybrid Numba,ok,0.0002471686598036968,0.372946800198406,0.9056085001211613,0.08287040004506707,3.469446951953614e-18
sphere-d7-n6-hv,7,6,sphere,False,numerical_python,numerical_python,ok,0.0002471686598036968,0.04086999990977347,0.006898100022226572,0.038268900010734797,3.469446951953614e-18
sphere-d7-n6-hv,7,6,sphere,False,chan_dby3,chan_dby3,ok,0.0002471686598036968,0.01924259983934462,0.00240139989182353,0.01584490016102791,3.469446951953614e-18
sphere-d7-n6-hv,7,6,sphere,False,chan_dby2,chan_dby2,ok,0.0002471686598036933,0.0027500998694449663,0.014759000157937407,0.00255129998549819,0.0
sphere-d7-n6-mag,7,6,sphere,True,numerical_python,numerical_python,ok,4.999597969796444,0.03908640006557107,0.007002199999988079,0.03723890008404851,1.7764996807059006e-16
sphere-d7-n6-mag,7,6,sphere,True,chan_dby2,chan_dby2,ok,4.9995979697964446,0.002294600009918213,0.00804949994198978,0.002216900000348687,0.0
sphere-d7-n6-mag,7,6,sphere,True,chan_dby3,chan_dby3,ok,4.9995979697964446,0.016618599882349372,0.0028309000190347433,0.016411200165748596,0.0
sphere-d7-n6-mag,7,6,sphere,True,current_numba,hybrid Numba,ok,4.999597969796443,0.41112790000624955,0.7824975000694394,0.07457529986277223,3.5529993614118013e-16
sphere-d7-n8-hv,7,8,sphere,False,chan_dby2,chan_dby2,ok,0.00045704912625061517,0.006865200120955706,0.007512599928304553,0.007704799994826317,0.0
sphere-d7-n8-hv,7,8,sphere,False,chan_dby3,chan_dby3,ok,0.00045704912625061517,0.05195709993131459,0.0021564001217484474,0.05569360009394586,0.0
sphere-d7-n8-hv,7,8,sphere,False,current_numba,hybrid Numba,ok,0.0004570491262506221,1.9192174999043345,0.8045377999078482,1.633950499817729,6.938893903907228e-18
sphere-d7-n8-hv,7,8,sphere,False,numerical_python,numerical_python,ok,0.00045704912625061517,0.7213967000134289,0.007160400040447712,0.733066399814561,0.0
sphere-d8-n6-hv,8,6,sphere,False,chan_dby2,chan_dby2,ok,0.0001518690577150296,0.0041178998071700335,0.008412800030782819,0.0043426998890936375,0.0
sphere-d8-n6-hv,8,6,sphere,False,numerical_python,numerical_python,ok,0.00015186905771503046,0.6214567001443356,0.008308100048452616,0.5981117999181151,8.673617379884035e-19
sphere-d8-n6-hv,8,6,sphere,False,chan_dby3,chan_dby3,ok,0.00015186905771503046,0.027018300024792552,0.002261499874293804,0.02619980019517243,8.673617379884035e-19
sphere-d8-n6-hv,8,6,sphere,False,current_numba,hybrid Numba,ok,0.00015186905771503046,1.8021023999899626,0.9320430001243949,1.394449200015515,8.673617379884035e-19
sphere-d8-n6-mag,8,6,sphere,True,chan_dby3,chan_dby3,ok,5.526831454316436,0.026392800034955144,0.0023664000909775496,0.02521870005875826,1.6070300443239696e-16
sphere-d8-n6-mag,8,6,sphere,True,numerical_python,numerical_python,ok,5.526831454316437,0.61991270002909,0.009064699988812208,0.6288688001222908,1.6070300443239696e-16
sphere-d8-n6-mag,8,6,sphere,True,chan_dby2,chan_dby2,ok,5.5268314543164365,0.003691100049763918,0.00812939996831119,0.004282600013539195,0.0
sphere-d8-n6-mag,8,6,sphere,True,current_numba,hybrid Numba,ok,5.526831454316438,1.7081415001302958,0.9633726000320166,1.4334654998965561,3.214060088647939e-16
sphere-d8-n10-hv,8,10,sphere,False,chan_dby3,chan_dby3,ok,3.680006428680854e-05,0.21178020001389086,0.002372700022533536,0.1917624999769032,3.469446951953614e-18
sphere-d8-n10-hv,8,10,sphere,False,chan_dby2,chan_dby2,ok,3.680006428680507e-05,0.026211299933493137,0.008259099908173084,0.025523300049826503,0.0
sphere-d8-n10-hv,8,10,sphere,False,current_numba,hybrid Numba,timeout,,12.305744299897924,0.9226373001001775,,3.469446951953614e-18
sphere-d8-n10-hv,8,10,sphere,False,numerical_python,numerical_python,ok,3.6800064286801604e-05,5.59093840001151,0.006732200039550662,5.22745730006136,3.469446951953614e-18
sphere-d9-n4-hv,9,4,sphere,False,current_numba,hybrid Numba,ok,1.4722103664480644e-05,0.291509399889037,1.0043512000702322,0.01626940001733601,2.168404344971009e-19
sphere-d9-n4-hv,9,4,sphere,False,numerical_python,numerical_python,ok,1.4722103664480428e-05,0.01148550002835691,0.00800929986871779,0.010794200003147125,0.0
sphere-d9-n4-hv,9,4,sphere,False,chan_dby2,chan_dby2,ok,1.4722103664480428e-05,0.000981499906629324,0.008612799923866987,0.0010950998403131962,0.0
sphere-d9-n4-hv,9,4,sphere,False,chan_dby3,chan_dby3,ok,1.4722103664480428e-05,0.009032299974933267,0.003027800004929304,0.009433800121769309,0.0
sphere-d9-n4-mag,9,4,sphere,True,chan_dby2,chan_dby2,ok,5.5675739652280445,0.0010427001398056746,0.008305500028654933,0.000981000019237399,0.0
sphere-d9-n4-mag,9,4,sphere,True,current_numba,hybrid Numba,ok,5.567573965228046,0.28714630007743835,0.7463952999096364,0.01534939999692142,3.190540171526023e-16
sphere-d9-n4-mag,9,4,sphere,True,numerical_python,numerical_python,ok,5.567573965228041,0.010372299933806062,0.007767499890178442,0.010701799998059869,6.381080343052046e-16
sphere-d9-n4-mag,9,4,sphere,True,chan_dby3,chan_dby3,ok,5.5675739652280445,0.008795000147074461,0.0025065001100301743,0.0091047000605613,0.0
sphere-d9-n6-hv,9,6,sphere,False,current_numba,hybrid Numba,timeout,,18.691245099995285,0.7578010000288486,,0.0
sphere-d9-n6-hv,9,6,sphere,False,numerical_python,numerical_python,ok,9.403338177289833e-06,7.261472000041977,0.007521500112488866,7.2010311998892576,0.0
sphere-d9-n6-hv,9,6,sphere,False,chan_dby3,chan_dby3,ok,9.403338177289833e-06,0.03281689994037151,0.0022283000871539116,0.037378699984401464,0.0
sphere-d9-n6-hv,9,6,sphere,False,chan_dby2,chan_dby2,ok,9.403338177289833e-06,0.0041814998257905245,0.00859039998613298,0.0038642999716103077,0.0
sphere-d10-n4-hv,10,4,sphere,False,current_numba,hybrid Numba,ok,1.4506251036944555e-07,1.589293200057,0.978522899793461,1.3192586998920888,2.168404344971009e-19
sphere-d10-n4-hv,10,4,sphere,False,chan_dby3,chan_dby3,ok,1.4506251036966239e-07,0.016072599915787578,0.0027343998663127422,0.016437599901109934,0.0
sphere-d10-n4-hv,10,4,sphere,False,numerical_python,numerical_python,ok,1.4506251036944555e-07,0.5283202000427991,0.006898500025272369,0.5118027999997139,2.168404344971009e-19
sphere-d10-n4-hv,10,4,sphere,False,chan_dby2,chan_dby2,ok,1.4506251036966239e-07,0.0009582000784575939,0.008079599821940064,0.0008708999957889318,0.0
sphere-d10-n4-mag,10,4,sphere,True,numerical_python,numerical_python,ok,5.86414212058946,0.5617400000337511,0.007316299946978688,0.5478770001791418,1.5145922479976422e-16
sphere-d10-n4-mag,10,4,sphere,True,chan_dby2,chan_dby2,ok,5.864142120589461,0.000990099972113967,0.008031399920582771,0.001162300119176507,0.0
sphere-d10-n4-mag,10,4,sphere,True,current_numba,hybrid Numba,ok,5.864142120589462,1.7949077999219298,0.7976902998052537,1.3027554999571294,1.5145922479976422e-16
sphere-d10-n4-mag,10,4,sphere,True,chan_dby3,chan_dby3,ok,5.864142120589461,0.017336899880319834,0.0021659000776708126,0.01608470012433827,0.0
sphere-d10-n6-hv,10,6,sphere,False,chan_dby3,chan_dby3,ok,8.700438771901131e-07,0.09223579987883568,0.0031288000755012035,0.09146320004947484,0.0
sphere-d10-n6-hv,10,6,sphere,False,current_numba,hybrid Numba,timeout,,16.087815000209957,0.7852120001334697,,2.168404344971009e-19
sphere-d10-n6-hv,10,6,sphere,False,numerical_python,numerical_python,ok,8.700438771902215e-07,5.983380699995905,0.009406300028786063,6.025325099937618,1.0842021724855044e-19
sphere-d10-n6-hv,10,6,sphere,False,chan_dby2,chan_dby2,ok,8.700438771901131e-07,0.010654600104317069,0.009047199971973896,0.009666899917647243,0.0
tied_grid-d3-n32-hv,3,32,tied_grid,False,current_numba,compiled sweep,ok,0.662109375,0.2467343001626432,1.0334737000521272,0.0003068000078201294,0.0
tied_grid-d3-n32-hv,3,32,tied_grid,False,chan_dby3,chan_dby3,ok,0.662109375,0.000480300048366189,0.0029166999738663435,0.00027820002287626266,0.0
tied_grid-d3-n32-hv,3,32,tied_grid,False,chan_dby2,chan_dby2,ok,0.662109375,0.0003939999733120203,0.008441800018772483,0.0003082000184804201,0.0
tied_grid-d3-n32-hv,3,32,tied_grid,False,numerical_python,numerical_python,ok,0.662109375,0.00030159996822476387,0.009176000021398067,0.0002087999600917101,0.0
tied_grid-d3-n128-hv,3,128,tied_grid,False,numerical_python,numerical_python,ok,0.642578125,0.0005849001463502645,0.006388699868693948,0.0004968999419361353,0.0
tied_grid-d3-n128-hv,3,128,tied_grid,False,chan_dby3,chan_dby3,ok,0.642578125,0.005680499831214547,0.0028933000285178423,0.001246600179001689,0.0
tied_grid-d3-n128-hv,3,128,tied_grid,False,current_numba,compiled sweep,ok,0.642578125,0.23321199999190867,0.7720176000148058,0.0004904000088572502,0.0
tied_grid-d3-n128-hv,3,128,tied_grid,False,chan_dby2,chan_dby2,ok,0.642578125,0.0010017999447882175,0.007794100092723966,0.0012165999505668879,0.0
tied_grid-d4-n12-hv,4,12,tied_grid,False,chan_dby2,chan_dby2,ok,0.20654296875,0.0006850000936537981,0.008730199886485934,0.0005999000277370214,0.0
tied_grid-d4-n12-hv,4,12,tied_grid,False,numerical_python,numerical_python,ok,0.20654296875,0.0052247000858187675,0.007728899829089642,0.004823399940505624,0.0
tied_grid-d4-n12-hv,4,12,tied_grid,False,hybrid_4d,hybrid_4d,ok,0.20654296875,0.3175840999465436,0.9068855000659823,0.006733400048688054,0.0
tied_grid-d4-n12-hv,4,12,tied_grid,False,current_numba,whole-contraction JIT,ok,0.20654296875,2.363785000052303,0.9492387999780476,0.0036122999154031277,0.0
tied_grid-d4-n12-hv,4,12,tied_grid,False,chan_dby3,chan_dby3,ok,0.20654296875,0.00445530004799366,0.0028219998348504305,0.0038333998527377844,0.0
tied_grid-d4-n24-hv,4,24,tied_grid,False,numerical_python,numerical_python,ok,0.3662109375,0.04256030009128153,0.006794799817726016,0.04255179991014302,0.0
tied_grid-d4-n24-hv,4,24,tied_grid,False,hybrid_4d,hybrid_4d,ok,0.3662109375,0.3317563000600785,0.7841918999329209,0.07962549990043044,0.0
tied_grid-d4-n24-hv,4,24,tied_grid,False,current_numba,whole-contraction JIT,ok,0.3662109375,2.6623990000225604,0.9692277000285685,0.014117500046268106,0.0
tied_grid-d4-n24-hv,4,24,tied_grid,False,chan_dby2,chan_dby2,ok,0.3662109375,0.0012483999598771334,0.008121199905872345,0.0013708998449146748,0.0
tied_grid-d4-n24-hv,4,24,tied_grid,False,chan_dby3,chan_dby3,ok,0.3662109375,0.00877300021238625,0.0028144000098109245,0.00770249986089766,0.0
tied_grid-d5-n8-hv,5,8,tied_grid,False,chan_dby3,chan_dby3,ok,0.302490234375,0.003391699865460396,0.0022727998439222574,0.0033456000965088606,0.0
tied_grid-d5-n8-hv,5,8,tied_grid,False,current_numba,hybrid Numba,ok,0.302490234375,0.32842639996670187,0.8854314000345767,0.005765500012785196,0.0
tied_grid-d5-n8-hv,5,8,tied_grid,False,numerical_python,numerical_python,ok,0.302490234375,0.003446199931204319,0.007290699984878302,0.0036313000600785017,0.0
tied_grid-d5-n8-hv,5,8,tied_grid,False,chan_dby2,chan_dby2,ok,0.302490234375,0.0006267998833209276,0.008336900034919381,0.0005341998767107725,0.0
tied_grid-d5-n16-hv,5,16,tied_grid,False,current_numba,hybrid Numba,ok,0.191375732421875,0.747840799856931,0.9479221000801772,0.4323367001488805,0.0
tied_grid-d5-n16-hv,5,16,tied_grid,False,chan_dby3,chan_dby3,ok,0.191375732421875,0.021019500214606524,0.0025649999734014273,0.024354999884963036,0.0
tied_grid-d5-n16-hv,5,16,tied_grid,False,numerical_python,numerical_python,ok,0.191375732421875,0.3340155000332743,0.011151600163429976,0.2547786000650376,0.0
tied_grid-d5-n16-hv,5,16,tied_grid,False,chan_dby2,chan_dby2,ok,0.191375732421875,0.002140300115570426,0.007684999844059348,0.0017729999963194132,0.0
tied_grid-d6-n8-hv,6,8,tied_grid,False,chan_dby3,chan_dby3,ok,0.07141876220703125,0.010111399926245213,0.002443100092932582,0.010869399877265096,0.0
tied_grid-d6-n8-hv,6,8,tied_grid,False,chan_dby2,chan_dby2,ok,0.07141876220703125,0.0018852001521736383,0.010022199945524335,0.0018273000605404377,0.0
tied_grid-d6-n8-hv,6,8,tied_grid,False,numerical_python,numerical_python,ok,0.07141876220703125,0.019073799951002002,0.006506000179797411,0.021617799997329712,0.0
tied_grid-d6-n8-hv,6,8,tied_grid,False,current_numba,hybrid Numba,ok,0.07141876220703125,0.33636320009827614,0.9334439998492599,0.03617360000498593,0.0
tied_grid-d6-n12-hv,6,12,tied_grid,False,chan_dby3,chan_dby3,ok,0.08756256103515625,0.016825799830257893,0.0024820000398904085,0.01481879991479218,0.0
tied_grid-d6-n12-hv,6,12,tied_grid,False,numerical_python,numerical_python,ok,0.08756256103515625,0.030568799935281277,0.007621000055223703,0.03188599995337427,0.0
tied_grid-d6-n12-hv,6,12,tied_grid,False,current_numba,hybrid Numba,ok,0.08756256103515625,0.3411389999091625,0.8964128999505192,0.053408600157126784,0.0
tied_grid-d6-n12-hv,6,12,tied_grid,False,chan_dby2,chan_dby2,ok,0.08756256103515625,0.00219259993173182,0.009136300068348646,0.002316199941560626,0.0
tied_grid-d7-n6-hv,7,6,tied_grid,False,chan_dby3,chan_dby3,ok,0.022992610931396484,0.009521899977698922,0.0022458999883383512,0.01054790010675788,0.0
tied_grid-d7-n6-hv,7,6,tied_grid,False,numerical_python,numerical_python,ok,0.022992610931396512,0.010536399902775884,0.008621000219136477,0.01151670003309846,2.7755575615628914e-17
tied_grid-d7-n6-hv,7,6,tied_grid,False,current_numba,hybrid Numba,ok,0.022992610931396512,0.3564173998311162,0.7247667000629008,0.019658900098875165,2.7755575615628914e-17
tied_grid-d7-n6-hv,7,6,tied_grid,False,chan_dby2,chan_dby2,ok,0.022992610931396484,0.0017417999915778637,0.007567099994048476,0.0012904000468552113,0.0
tied_grid-d7-n8-hv,7,8,tied_grid,False,numerical_python,numerical_python,ok,0.06003761291503906,0.019940200028941035,0.007586299907416105,0.01988040003925562,0.0
tied_grid-d7-n8-hv,7,8,tied_grid,False,chan_dby2,chan_dby2,ok,0.06003761291503906,0.002728500170633197,0.009648999897763133,0.0037360999267548323,0.0
tied_grid-d7-n8-hv,7,8,tied_grid,False,chan_dby3,chan_dby3,ok,0.06003761291503906,0.02463750005699694,0.0030886000022292137,0.023639400023967028,0.0
tied_grid-d7-n8-hv,7,8,tied_grid,False,current_numba,hybrid Numba,ok,0.06003761291503906,0.30708749988116324,0.7318289000540972,0.02936720009893179,0.0
tied_grid-d8-n6-hv,8,6,tied_grid,False,numerical_python,numerical_python,ok,0.0035050511360168735,0.04670569999143481,0.007201800122857094,0.04908799985423684,2.7755575615628914e-17
tied_grid-d8-n6-hv,8,6,tied_grid,False,chan_dby2,chan_dby2,ok,0.0035050511360168457,0.0033741998486220837,0.00825399998575449,0.002596900099888444,0.0
tied_grid-d8-n6-hv,8,6,tied_grid,False,chan_dby3,chan_dby3,ok,0.0035050511360168457,0.026580799836665392,0.0023324000649154186,0.02156060002744198,0.0
tied_grid-d8-n6-hv,8,6,tied_grid,False,current_numba,hybrid Numba,ok,0.0035050511360168735,0.37048009992577136,0.7590625998564065,0.10289549990557134,2.7755575615628914e-17
tied_grid-d8-n10-hv,8,10,tied_grid,False,chan_dby2,chan_dby2,ok,0.022511601448059082,0.008290400030091405,0.008344999980181456,0.008355299942195415,0.0
tied_grid-d8-n10-hv,8,10,tied_grid,False,chan_dby3,chan_dby3,ok,0.022511601448059082,0.06662379996851087,0.0021937000565230846,0.06642900011502206,0.0
tied_grid-d8-n10-hv,8,10,tied_grid,False,numerical_python,numerical_python,ok,0.022511601448059082,1.3383915999438614,0.007856900105252862,1.4349656999111176,0.0
tied_grid-d8-n10-hv,8,10,tied_grid,False,current_numba,hybrid Numba,ok,0.022511601448059082,3.2840388000477105,0.7286024999339134,2.9353819999378175,0.0
tied_grid-d9-n4-hv,9,4,tied_grid,False,chan_dby2,chan_dby2,ok,0.0036252737045288086,0.00154260010458529,0.009350300068035722,0.0013639999087899923,0.0
tied_grid-d9-n4-hv,9,4,tied_grid,False,chan_dby3,chan_dby3,ok,0.0036252737045288086,0.007449000142514706,0.002228999976068735,0.0067702000960707664,0.0
tied_grid-d9-n4-hv,9,4,tied_grid,False,numerical_python,numerical_python,ok,0.0036252737045288086,0.009868199937045574,0.009544800035655499,0.010238500079140067,0.0
tied_grid-d9-n4-hv,9,4,tied_grid,False,current_numba,hybrid Numba,ok,0.0036252737045288086,0.3080245000310242,0.7546401000581682,0.014381099957972765,0.0
tied_grid-d9-n6-hv,9,6,tied_grid,False,chan_dby3,chan_dby3,ok,0.0049040913581848145,0.022781699895858765,0.002354600001126528,0.023289100034162402,0.0
tied_grid-d9-n6-hv,9,6,tied_grid,False,numerical_python,numerical_python,ok,0.0049040913581848145,0.04637430002912879,0.0067149000242352486,0.04533370002172887,0.0
tied_grid-d9-n6-hv,9,6,tied_grid,False,chan_dby2,chan_dby2,ok,0.0049040913581848145,0.00291300006210804,0.008811499923467636,0.0036146000493317842,0.0
tied_grid-d9-n6-hv,9,6,tied_grid,False,current_numba,hybrid Numba,ok,0.0049040913581848145,0.4003622999880463,0.7161765000782907,0.09806490014307201,0.0
tied_grid-d10-n4-hv,10,4,tied_grid,False,chan_dby3,chan_dby3,ok,0.000935867428779602,0.01146459998562932,0.0024587998632341623,0.009536799974739552,0.0
tied_grid-d10-n4-hv,10,4,tied_grid,False,numerical_python,numerical_python,ok,0.0009358674287796159,0.03161599999293685,0.0074275999795645475,0.00994729995727539,1.3877787807814457e-17
tied_grid-d10-n4-hv,10,4,tied_grid,False,current_numba,hybrid Numba,ok,0.0009358674287796159,0.256036400096491,0.8799566000234336,0.015429399907588959,1.3877787807814457e-17
tied_grid-d10-n4-hv,10,4,tied_grid,False,chan_dby2,chan_dby2,ok,0.000935867428779602,0.0007747001945972443,0.0073454000521451235,0.0006649000570178032,0.0
tied_grid-d10-n6-hv,10,6,tied_grid,False,chan_dby2,chan_dby2,ok,0.001308755949139595,0.005580799886956811,0.007862800033763051,0.004023700021207333,0.0
tied_grid-d10-n6-hv,10,6,tied_grid,False,chan_dby3,chan_dby3,ok,0.001308755949139595,0.03556260000914335,0.002300600055605173,0.032620000187307596,0.0
tied_grid-d10-n6-hv,10,6,tied_grid,False,numerical_python,numerical_python,ok,0.001308755949139595,1.0898211000021547,0.0063998999539762735,1.0490019000135362,0.0
tied_grid-d10-n6-hv,10,6,tied_grid,False,current_numba,hybrid Numba,ok,0.001308755949139595,2.883474600035697,0.8451724001206458,2.6476165999192744,0.0
