id,family,seed,n,algorithm,status,value,first_seconds,median_seconds,scaled_error
sphere-s42-n10,sphere,42,10,hybrid,ok,0.7352912707001639,0.32288580015301704,0.012330699944868684,1.1102230246251565e-16
sphere-s42-n10,sphere,42,10,old_prefix,ok,0.735291270700164,1.0829443000257015,0.006477799965068698,0.0
sphere-s42-n10,sphere,42,10,chan_dby3,ok,0.735291270700164,0.008557999972254038,0.009436900028958917,0.0
sphere-s42-n10,sphere,42,10,whole_loop,ok,0.7352912707001639,2.285064100055024,0.004924300126731396,1.1102230246251565e-16
sphere-s42-n10,sphere,42,10,chan_dby2,ok,0.735291270700164,0.001869899919256568,0.0014084998983889818,0.0
sphere-s42-n20,sphere,42,20,hybrid,ok,1.1257677901991463,2.554178399965167,2.0504238000139594,3.9447674175462406e-16
sphere-s42-n20,sphere,42,20,old_prefix,ok,1.1257677901991459,1.199819500092417,0.019284100038930774,7.889534835092481e-16
sphere-s42-n20,sphere,42,20,whole_loop,ok,1.1257677901991463,2.926285899942741,0.2521061999723315,3.9447674175462406e-16
sphere-s42-n20,sphere,42,20,chan_dby2,ok,1.1257677901991467,0.004823399940505624,0.005145000061020255,0.0
sphere-s42-n20,sphere,42,20,chan_dby3,ok,1.1257677901991467,0.03257309994660318,0.03416600008495152,0.0
sphere-s42-n40,sphere,42,40,chan_dby3,ok,1.2820566059655687,0.12531900010071695,0.13447769987396896,0.0
sphere-s42-n40,sphere,42,40,chan_dby2,ok,1.2820566059655687,0.020574700087308884,0.018260299926623702,0.0
sphere-s42-n40,sphere,42,40,old_prefix,ok,1.2820566059655691,1.0511916000396013,0.055884100031107664,3.4638814525322857e-16
sphere-s42-n40,sphere,42,40,hybrid,timeout,,,,
sphere-s42-n40,sphere,42,40,whole_loop,ok,1.2820566059655687,9.967739099869505,7.540933200158179,0.0
sphere-s99-n20,sphere,99,20,whole_loop,ok,1.0518916636514908,3.271819300018251,0.2744646999053657,4.221815089858879e-16
sphere-s99-n20,sphere,99,20,chan_dby3,ok,1.0518916636514912,0.03371209977194667,0.03221040009520948,0.0
sphere-s99-n20,sphere,99,20,old_prefix,ok,1.0518916636514908,0.9405940000433475,0.02167299995198846,4.221815089858879e-16
sphere-s99-n20,sphere,99,20,chan_dby2,ok,1.0518916636514912,0.007790100062265992,0.005611800123006105,0.0
sphere-s99-n20,sphere,99,20,hybrid,ok,1.0518916636514908,2.0660311998799443,2.172687199898064,4.221815089858879e-16
sphere-s99-n40,sphere,99,40,hybrid,timeout,,,,
sphere-s99-n40,sphere,99,40,whole_loop,ok,1.2158041567386597,11.06971750012599,6.929245200008154,1.826318849909644e-16
sphere-s99-n40,sphere,99,40,chan_dby2,ok,1.2158041567386595,0.021414699964225292,0.017727100057527423,0.0
sphere-s99-n40,sphere,99,40,chan_dby3,ok,1.2158041567386595,0.10430649993941188,0.12259399984031916,0.0
sphere-s99-n40,sphere,99,40,old_prefix,ok,1.2158041567386597,1.1084716999903321,0.05189149989746511,1.826318849909644e-16
grid-s7-n20,grid,7,20,old_prefix,ok,0.7578125,1.1057740999385715,0.0007657001260668039,0.0
grid-s7-n20,grid,7,20,whole_loop,ok,0.7578125,2.223431299906224,0.0034139000345021486,0.0
grid-s7-n20,grid,7,20,chan_dby2,ok,0.7578125,0.0004069001879543066,0.00036159995943307877,0.0
grid-s7-n20,grid,7,20,hybrid,ok,0.7578125,0.2933235999662429,0.005012700101360679,0.0
grid-s7-n20,grid,7,20,chan_dby3,ok,0.7578125,0.002352599985897541,0.002263300120830536,0.0
uniform-s17-n20,uniform,17,20,old_prefix,ok,0.2318458787687976,1.1607979000546038,0.014112200122326612,1.1102230246251565e-16
uniform-s17-n20,uniform,17,20,hybrid,ok,0.2318458787687978,1.122343999799341,0.8975881000515074,1.1102230246251565e-16
uniform-s17-n20,uniform,17,20,whole_loop,ok,0.2318458787687978,2.663549399934709,0.11560979997739196,1.1102230246251565e-16
uniform-s17-n20,uniform,17,20,chan_dby2,ok,0.2318458787687977,0.002639099955558777,0.002528600161895156,0.0
uniform-s17-n20,uniform,17,20,chan_dby3,ok,0.2318458787687977,0.019457199843600392,0.018850899999961257,0.0
