id,d,n,family,magnitude,algorithm,status,value,first_call_seconds,median_seconds,scaled_difference
sphere-d4-n12-hv,4,12,sphere,False,numerical_python,ok,0.09364056270326393,0.028300500009208918,0.0280691001098603,0.0
sphere-d4-n12-hv,4,12,sphere,False,numerical_numba,ok,0.09364056270326393,0.30625680019147694,0.0411338999401778,0.0
sphere-d4-n12-hv,4,12,sphere,False,chan_dby3,ok,0.09364056270326404,0.011952899862080812,0.012222799938172102,1.1102230246251565e-16
sphere-d4-n12-hv,4,12,sphere,False,chan_dby2,ok,0.09364056270326404,0.002059499965980649,0.0017601000145077705,1.1102230246251565e-16
sphere-d4-n12-mag,4,12,sphere,True,numerical_python,ok,3.741128109067695,0.03031019982881844,0.028300999896600842,0.0
sphere-d4-n12-mag,4,12,sphere,True,numerical_numba,ok,3.741128109067695,0.3418580999132246,0.04330219980329275,0.0
sphere-d4-n12-mag,4,12,sphere,True,chan_dby3,ok,3.7411281090676947,0.011527300113812089,0.01259990013204515,1.1870462515669678e-16
sphere-d4-n12-mag,4,12,sphere,True,chan_dby2,ok,3.741128109067694,0.001586599973961711,0.0019805000629276037,2.3740925031339357e-16
sphere-d4-n24-hv,4,24,sphere,False,numerical_python,ok,0.13701622818303283,1.4903329000808299,1.4636737999971956,0.0
sphere-d4-n24-hv,4,24,sphere,False,numerical_numba,ok,0.13701622818303272,2.6642471000086516,2.339785899966955,1.1102230246251565e-16
sphere-d4-n24-hv,4,24,sphere,False,chan_dby3,ok,0.13701622818303266,0.028997199842706323,0.0272489998023957,1.6653345369377348e-16
sphere-d4-n24-hv,4,24,sphere,False,chan_dby2,ok,0.13701622818303266,0.005305000115185976,0.005442399997264147,1.6653345369377348e-16
sphere-d4-n48-hv,4,48,sphere,False,numerical_python,timeout,0.16660783045934724,24.117621300043538,,
sphere-d4-n48-hv,4,48,sphere,False,numerical_numba,timeout,0.16660783045934724,26.241763799916953,,
sphere-d4-n48-hv,4,48,sphere,False,chan_dby3,ok,0.16660783045934702,0.10374530008994043,0.10325159993954003,0.0
sphere-d4-n48-hv,4,48,sphere,False,chan_dby2,ok,0.1666078304593469,0.017379799857735634,0.018491899827495217,1.1102230246251565e-16
tied_grid-d4-n12-hv,4,12,tied_grid,False,numerical_python,ok,0.20654296875,0.0044420999474823475,0.004651600029319525,0.0
tied_grid-d4-n12-hv,4,12,tied_grid,False,numerical_numba,ok,0.20654296875,0.2922107002232224,0.006453600013628602,0.0
tied_grid-d4-n12-hv,4,12,tied_grid,False,chan_dby3,ok,0.20654296875,0.0034440001472830772,0.0030062999576330185,0.0
tied_grid-d4-n12-hv,4,12,tied_grid,False,chan_dby2,ok,0.20654296875,0.0006764999125152826,0.0005475999787449837,0.0
tied_grid-d4-n12-mag,4,12,tied_grid,True,numerical_python,ok,3.688446044921875,0.004297100007534027,0.004032999975606799,0.0
tied_grid-d4-n12-mag,4,12,tied_grid,True,numerical_numba,ok,3.688446044921875,0.29502510000020266,0.006345999892801046,0.0
tied_grid-d4-n12-mag,4,12,tied_grid,True,chan_dby3,ok,3.688446044921875,0.0036883000284433365,0.003486800007522106,0.0
tied_grid-d4-n12-mag,4,12,tied_grid,True,chan_dby2,ok,3.688446044921875,0.0006752000190317631,0.0005610000807791948,0.0
tied_grid-d4-n24-hv,4,24,tied_grid,False,numerical_python,ok,0.3662109375,0.04447499988600612,0.04536570003256202,0.0
tied_grid-d4-n24-hv,4,24,tied_grid,False,numerical_numba,ok,0.3662109375,0.37108159996569157,0.07644199999049306,0.0
tied_grid-d4-n24-hv,4,24,tied_grid,False,chan_dby3,ok,0.3662109375,0.007117599947378039,0.0065916001331061125,0.0
tied_grid-d4-n24-hv,4,24,tied_grid,False,chan_dby2,ok,0.3662109375,0.00119420001283288,0.0013929998967796564,0.0
tied_grid-d4-n48-hv,4,48,tied_grid,False,numerical_python,ok,0.5537109375,0.08561239996924996,0.07468460011295974,0.0
tied_grid-d4-n48-hv,4,48,tied_grid,False,numerical_numba,ok,0.5537109375,0.4668973998632282,0.13580320007167757,0.0
tied_grid-d4-n48-hv,4,48,tied_grid,False,chan_dby3,ok,0.5537109375,0.0020049000158905983,0.0018385997973382473,0.0
tied_grid-d4-n48-hv,4,48,tied_grid,False,chan_dby2,ok,0.5537109375,0.0010788999497890472,0.000973499845713377,0.0
